<?xml version="1.0" encoding="UTF-8"?>
<!DOCTYPE mapper PUBLIC "-//mybatis.org//DTD Mapper 3.0//EN" "http://mybatis.org/dtd/mybatis-3-mapper.dtd">

<mapper namespace="jetstream.card">
		<!-- 카드 생성 -->
	<insert id="createCard" parameterType="card">
		<selectKey keyProperty="card_id" resultType="String" order="BEFORE">
			SELECT 'C'||to_char(SEQ_CARD.NEXTVAL) AS card_id FROM DUAL
		</selectKey>
		insert into TB_CARD(BOARD_ID, LIST_ID, CARD_ID, CARD_ST, CARD_NM)
		values (#{board_id}, #{list_id}, #{card_id}, 'O', #{card_nm})
	</insert>

	<!-- 카드 클로즈 -->
	<update id="closeCard">
		update TB_CARD set CART_ST = 'C' where CARD_ID =
		#{card_id}
	</update>

	<!-- 카드 이름, 내용 수정 -->
	<update id="updateCard">
		update TB_CARD set CARD_NM = #{card_nm}, CARD_TXT =
		#{card_txt} from TB_CARD where CARD_ID = #{card_id}
	</update>

	<!-- 카드 검색 -->
	<select id="searchCard" parameterType="String" resultType="card">
		select c.*
		from TB_DASHBOARD d, TB_BOARD b, TB_CARD c
		where c.MEMBER_ID
		= #{member_id} or (d.MEMBER_ID = #{member_id} and
		d.BOARD_ID = c.BOARD_ID and c.CARD_NM = #{card_nm}
	</select>
</mapper>